기본 정보,,,,,,,,
스테이지ID,웨이브ID,보상ID,보상 수량,슬롯 이동 회복,웨이브 시간(s),대기 시간(s),그룹 간 대기 시간,적 체력 상승량(%)
StageID,WaveID,RewardID,RewardAmount,SlotMove_Recovery,Wave_Time,WatingTime,nextGroupCycle,HpGrowthRate
int,int,int,int,int,int,int,int,int
501,601,301,0,0,30,5,2,0
501,602,301,0,0,30,5,2,0
501,603,301,0,0,30,5,2,0
501,604,301,0,0,30,5,2,0
501,605,301,0,0,30,5,2,0
501,606,301,0,0,30,5,2,0
501,607,301,0,0,30,5,2,0
501,608,301,0,0,30,5,2,0
501,609,301,0,0,30,5,2,0
501,610,301,0,2,30,5,2,0
501,611,301,0,0,30,5,2,0
501,612,301,0,0,30,5,2,0
501,613,301,0,0,30,5,2,0
501,614,301,0,0,30,5,2,0
501,615,301,0,0,30,5,2,0
502,701,301,0,0,30,5,2,0
502,702,301,0,0,30,5,2,0
502,703,301,0,0,30,5,2,0
502,704,301,0,0,30,5,2,0
502,705,301,0,0,30,5,2,0
502,706,301,0,0,30,5,2,0
502,707,301,0,0,30,5,2,0
502,708,301,0,0,30,5,2,0
502,709,301,0,0,30,5,2,0
502,710,301,0,2,30,5,2,0
502,711,301,0,0,30,5,2,0
502,712,301,0,0,30,5,2,0
502,713,301,0,0,30,5,2,0
502,714,301,0,0,30,5,2,0
502,715,301,0,0,30,5,2,0
502,716,301,0,0,30,5,2,0
502,717,301,0,0,30,5,2,0
502,718,301,0,0,30,5,2,0
502,719,301,0,0,30,5,2,0
502,720,301,0,0,30,5,2,0
503,801,301,0,0,30,5,2,0
503,802,301,0,0,30,5,2,0
503,803,301,0,0,30,5,2,0
503,804,301,0,0,30,5,2,0
503,805,301,0,0,30,5,2,0
503,806,301,0,0,30,5,2,0
503,807,301,0,0,30,5,2,0
503,808,301,0,0,30,5,2,0
503,809,301,0,0,30,5,2,0
503,810,301,0,2,30,5,2,0
503,811,301,0,0,30,5,2,0
503,812,301,0,0,30,5,2,0
503,813,301,0,0,30,5,2,0
503,814,301,0,0,30,5,2,0
503,815,301,0,0,30,5,2,0
503,816,301,0,0,30,5,2,0
503,817,301,0,0,30,5,2,0
503,818,301,0,0,30,5,2,0
503,819,301,0,0,30,5,2,0
503,820,301,0,2,30,5,2,0
503,821,301,0,0,30,5,2,0
503,822,301,0,0,30,5,2,0
503,823,301,0,0,30,5,2,0
503,824,301,0,0,30,5,2,0
503,825,301,0,0,30,5,2,0
,,,,,,,,
,,,,,,,,
,,,,,,,,
,,,,,,,,
,,,,,,,,
,,,,,,,,
,,,,,,,,
,,,,,,,,
,,,,,,,,
,,,,,,,,
,,,,,,,,
,,,,,,,,
,,,,,,,,
,,,,,,,,
,,,,,,,,
,,,,,,,,
,,,,,,,,
,,,,,,,,
,,,,,,,,
,,,,,,,,
,,,,,,,,
,,,,,,,,
,,,,,,,,
,,,,,,,,
,,,,,,,,
,,,,,,,,
,,,,,,,,
,,,,,,,,
,,,,,,,,
,,,,,,,,
,,,,,,,,
,,,,,,,,
,,,,,,,,
,,,,,,,,
,,,,,,,,
,,,,,,,,
,,,,,,,,
,,,,,,,,
,,,,,,,,
,,,,,,,,
,,,,,,,,
,,,,,,,,
,,,,,,,,
,,,,,,,,
,,,,,,,,
,,,,,,,,
,,,,,,,,
,,,,,,,,
,,,,,,,,
,,,,,,,,
,,,,,,,,
,,,,,,,,
,,,,,,,,
,,,,,,,,
,,,,,,,,
,,,,,,,,
,,,,,,,,
,,,,,,,,
,,,,,,,,
,,,,,,,,
,,,,,,,,
,,,,,,,,
,,,,,,,,
,,,,,,,,
,,,,,,,,
,,,,,,,,
,,,,,,,,
,,,,,,,,
,,,,,,,,
,,,,,,,,
,,,,,,,,
,,,,,,,,
,,,,,,,,
,,,,,,,,
,,,,,,,,
,,,,,,,,
,,,,,,,,
,,,,,,,,
,,,,,,,,
,,,,,,,,
,,,,,,,,
,,,,,,,,
,,,,,,,,
,,,,,,,,
,,,,,,,,
,,,,,,,,
,,,,,,,,
,,,,,,,,
,,,,,,,,
,,,,,,,,
,,,,,,,,
,,,,,,,,
,,,,,,,,
,,,,,,,,
,,,,,,,,
,,,,,,,,
,,,,,,,,
,,,,,,,,
,,,,,,,,
,,,,,,,,
,,,,,,,,
,,,,,,,,
,,,,,,,,
,,,,,,,,
,,,,,,,,
,,,,,,,,
,,,,,,,,
,,,,,,,,
,,,,,,,,
,,,,,,,,
,,,,,,,,
,,,,,,,,
,,,,,,,,
,,,,,,,,
,,,,,,,,
,,,,,,,,
,,,,,,,,
,,,,,,,,
,,,,,,,,
,,,,,,,,
,,,,,,,,
,,,,,,,,
,,,,,,,,
,,,,,,,,
,,,,,,,,
,,,,,,,,
,,,,,,,,
,,,,,,,,
,,,,,,,,
,,,,,,,,
,,,,,,,,
,,,,,,,,
,,,,,,,,
,,,,,,,,
,,,,,,,,
,,,,,,,,
,,,,,,,,
,,,,,,,,
,,,,,,,,
,,,,,,,,
,,,,,,,,
,,,,,,,,
,,,,,,,,
,,,,,,,,
,,,,,,,,
,,,,,,,,
,,,,,,,,
,,,,,,,,
,,,,,,,,
,,,,,,,,
,,,,,,,,
,,,,,,,,
,,,,,,,,
,,,,,,,,
,,,,,,,,
,,,,,,,,
,,,,,,,,
,,,,,,,,
,,,,,,,,
,,,,,,,,
,,,,,,,,
,,,,,,,,
,,,,,,,,
,,,,,,,,
,,,,,,,,
,,,,,,,,
,,,,,,,,
,,,,,,,,
,,,,,,,,
,,,,,,,,
,,,,,,,,
,,,,,,,,
,,,,,,,,
,,,,,,,,
,,,,,,,,
,,,,,,,,
,,,,,,,,
,,,,,,,,
,,,,,,,,
,,,,,,,,
,,,,,,,,
,,,,,,,,
,,,,,,,,
,,,,,,,,
,,,,,,,,
,,,,,,,,
,,,,,,,,
,,,,,,,,
,,,,,,,,
,,,,,,,,
,,,,,,,,
,,,,,,,,
,,,,,,,,
,,,,,,,,
,,,,,,,,
,,,,,,,,
,,,,,,,,
,,,,,,,,
,,,,,,,,
,,,,,,,,
,,,,,,,,
,,,,,,,,
,,,,,,,,
,,,,,,,,
,,,,,,,,
,,,,,,,,
,,,,,,,,
,,,,,,,,
,,,,,,,,
,,,,,,,,
,,,,,,,,
,,,,,,,,
,,,,,,,,
,,,,,,,,
,,,,,,,,
,,,,,,,,
,,,,,,,,
,,,,,,,,
,,,,,,,,
,,,,,,,,
,,,,,,,,
,,,,,,,,
,,,,,,,,
,,,,,,,,
,,,,,,,,
,,,,,,,,
,,,,,,,,
,,,,,,,,
,,,,,,,,
,,,,,,,,
,,,,,,,,
,,,,,,,,
,,,,,,,,
,,,,,,,,
,,,,,,,,
,,,,,,,,
,,,,,,,,
,,,,,,,,
,,,,,,,,
,,,,,,,,
,,,,,,,,
,,,,,,,,
,,,,,,,,
,,,,,,,,
,,,,,,,,
,,,,,,,,
,,,,,,,,
,,,,,,,,
,,,,,,,,
,,,,,,,,
,,,,,,,,
,,,,,,,,
,,,,,,,,
,,,,,,,,
,,,,,,,,
,,,,,,,,
,,,,,,,,
,,,,,,,,
,,,,,,,,
,,,,,,,,
,,,,,,,,
,,,,,,,,
,,,,,,,,
,,,,,,,,
,,,,,,,,
,,,,,,,,
,,,,,,,,
,,,,,,,,
,,,,,,,,
,,,,,,,,
,,,,,,,,
,,,,,,,,
,,,,,,,,
,,,,,,,,
,,,,,,,,
,,,,,,,,
,,,,,,,,
,,,,,,,,
,,,,,,,,
,,,,,,,,
,,,,,,,,
,,,,,,,,
,,,,,,,,
,,,,,,,,
,,,,,,,,
,,,,,,,,
,,,,,,,,
,,,,,,,,
,,,,,,,,
,,,,,,,,
,,,,,,,,
,,,,,,,,
,,,,,,,,
,,,,,,,,
,,,,,,,,
,,,,,,,,
,,,,,,,,
,,,,,,,,
,,,,,,,,
,,,,,,,,
